Kabupaten/Kota,Tahun,Luas Wilayah,Indeks Pembangunan Manusia (IPM),Harapan Lama Sekolah (Tahun),Rata-rata Lama sekolah (Tahun),Angka Partisipasi Sekolah (APS) Usia 7-12 (Persen),Angka Partisipasi Sekolah (APS) Usia 13-15 (Persen),Angka Partisipasi Sekolah (APS) Usia 16-18 (Persen),Angka Partisipasi Sekolah (APS) Usia 19-23 (Persen),Rasio Guru per Siswa,Jumlah Penduduk (Ribu),Persentase Penduduk (Persen),Persentase Penduduk Miskin (Persen),Tingkat Pengangguran Terbuka (TPT) - Agustus,Tingkat Partisipasi Angkatan Kerja - Agustus,Pengeluaran Per Kapita Riil Disesuaikan (Ribu Rupiah),Persentase Rumah Tangga dengan Akses Air Bersih,Laju Pertumbuhan Penduduk per Tahun (persen),Kepadatan Penduduk per km persegi (kmÂ²),Gini Ratio
Pacitan,2020,"1389,92","69,28","12,64","7,6","99,82","97,25","77,61","14,71","9,20","586,1","1,44","14,54","2,28","80,36",8796,"84,43","0,78",422,"0,351"
Ponorogo,2020,"1305,7","71,57","13,73","7,54","99,61","98,93","78,66","24,69","11,09","949,3","2,33","9,95","4,45","71,51",9670,"91,15","1,01",727,"0,38"
Trenggalek,2020,"1147,22","70,1","12,35","7,55","99,7","94,22","78,7","13,86","11,71","731,1","1,8","11,62","4,11","75,72",9630,"80,64","0,78",637,"0,379"
Tulungagung,2020,"1055,65","73,15","13,31","8,33","99,58","98,47","79,72","25,06","11,84","1089,8","2,68","7,33","4,61","73,17",10705,"96,75","0,93",1032,"0,336"
Blitar,2020,"1336,48","71,02","12,46","7,39","99,39","98,19","70,33","19,61","13,34","1223,7","3,01","9,33","3,82","70,83",10654,"95,35","0,89",916,"0,348"
Kediri,2020,"1386,05","72,8","13,15","8,02","99,03","99,47","81,83","18,99","15,94","1635,3","4,02","11,4","5,24","70,65",11000,"98,89","0,84",1180,"0,325"
Malang,2020,"3530,65","71,24","13,18","7,42","99,96","97,96","62,25","33,91","16,68","2654,4","6,53","10,15","5,49","71,62",10028,"95,48","0,79",752,"0,371"
Lumajang,2020,"1790,9","67,04","11,81","6,4","99,06","97,85","52,7","11,96","12,87","1119,3","2,75","9,83","3,36","66,92",9088,"95,89","1,03",625,"0,297"
Jember,2020,"3092,34","69,01","13,42","6,48","99,73","96,95","67,12","26,68","15,14","2536,7","6,24","10,09","5,12","68,04",9294,"90,49","0,81",820,"0,318"
Banyuwangi,2020,"5782,4","71,85","12,8","7,16","99,74","98,59","77,8","16,6","14,53","1708,1","4,2","8,06","5,34","71,8",12140,"91,62","0,91",295,"0,316"
Bondowoso,2020,"1525,97","69,1","13,28","5,93","99,68","97,71","71,83","16,44","9,65","776,2","1,91","14,17","4,13","75,09",10610,"91,75","0,51",509,"0,329"
Situbondo,2020,"1669,87","68,94","13,15","6,46","99,23","97,93","65,26","15,14","9,81",686,"1,69","12,22","3,85","73,17",9857,"96,18","0,56",411,"0,305"
Probolinggo,2020,"1696,21","68,77","12,35","6,11","99,42","94,17","60,63","15,12","11,52","1152,5","2,83","18,61","4,86","72,89",10859,"92,16","0,49",679,"0,326"
Pasuruan,2020,"1474,02","70,2","12,41","7,4","99,62","97,6","65,43","20,57","14,78",1606,"3,95","9,26","6,24","67,67",10164,"97,21","0,58",1090,"0,346"
Sidoarjo,2020,"634,38","80,65","14,93","10,5","99,58","99,49","87,36","40,99","17,92","2082,8","5,12","5,59","10,97","67,17",14458,"99,06","0,68",3283,"0,34"
Mojokerto,2020,"717,83","74,58","12,88","8,51","99,7","98,97","81,32","14,3","14,76","1119,2","2,75","10,57","5,75","69,79",12779,"99,2","0,85",1559,"0,325"
Jombang,2020,"1115,09","73,63","13,27","8,54","99,61","98,97","87,19","23,57","13,85","1318,1","3,24","9,94","7,48","70,23",11261,"99,37","0,89",1182,"0,334"
Nganjuk,2020,"1224,25","72,78","12,86","7,64","99,62","99,4","81,19","15,21","13,25","1103,9","2,71","11,62","4,8","65,75",12130,"99,45","0,8",902,"0,335"
Madiun,2020,"1037,58","72,94","13,16","7,81","99,09",97,"78,52","19,1","12,14","744,4","1,83","11,46","4,8","71,42",11574,"97,83","1,14",717,"0,357"
Magetan,2020,"688,84","74,85","14,03","8,24","99,83","99,5","88,05","28,47","11,45","670,8","1,65","10,35","3,74","73,23",11776,"99,46","0,76",974,"0,324"
Ngawi,2020,"1295,98","71,49","12,7","7,06","99,62","99,28","77,15","16,09","11,89","870,1","2,14","15,44","5,44","72,69",11418,"99,49","0,6",671,"0,337"
Bojonegoro,2020,"2198,79","70,18","12,39","7,33","99,85","96,49","80,76","14,19","12,43","1301,6","3,2","12,87","4,92","74,6",10121,"96,94","0,71",592,"0,303"
Tuban,2020,"1834,15","69,6","12,21","6,95","99,97","94,35","65,24","14,92","12,93",1198,"2,95","15,91","4,81","71,84",10238,"97,58","0,67",653,"0,337"
Lamongan,2020,"1782,05","73,44","13,48","7,92","99,61","99,53","69,53","28,67","9,81","1344,2","3,31","13,85","5,13","70,81",11456,"92,18","1,28",754,"0,296"
Gresik,2020,"1191,25","76,59","13,73","9,3","99,66","99,47","85,48","26,55","13,69","1311,2","3,22","12,4","8,21","66,53",13246,"94,63","1,05",1101,"0,299"
Bangkalan,2020,"1001,44","65,17","11,6","5,95","99,48","92,37","50,47","19,01","13,95","1060,4","2,61","20,56","8,77",67,8610,"93,92","1,53",1059,"0,322"
Sampang,2020,"1233,08","64,75","12,37","4,85","98,51","93,54","57,61","18,28","11,21","969,7","2,38","22,78","3,35","69,93",8739,"89,89","0,97",786,"0,262"
Pamekasan,2020,"792,24","68,65","13,64","6,69","98,74","97,46","73,11","20,54","9,26","850,1","2,09","14,6","3,49","69,82",8739,"90,49","0,64",1073,"0,32"
Sumenep,2020,"1998,54","67,15","13,2","5,71","98,97","96,33","73,93","20,43","7,96","1124,4","2,77","20,18","2,84","75,02",8888,"97,82","0,74",563,"0,256"
Kota Kediri,2020,"63,4","78,78","15,26","9,93","99,6","98,89","86,72","34,26","16,00","286,8","0,71","7,69","6,21",66,12239,"99,67","0,64",4524,"0,346"
Kota Blitar,2020,"32,57","78,88","14,32","10,11","99,79","97,22","89,79","34,01","15,54","149,1","0,37","7,78","6,68","69,53",13733,"98,37","1,19",4579,"0,344"
Kota Malang,2020,"145,28","82,19","15,51","10,18","99,36","95,19","84,41","60,88","15,93","843,8","2,07","4,44","9,61","66,41",16593,"99,89","0,27",5808,"0,395"
Kota Probolinggo,2020,"56,67","74,81","13,59","8,7","99,49","96,53","81,13","24,87","14,55","239,6","0,59","7,43","6,7","69,07",12180,100,"0,96",4229,"0,311"
Kota Pasuruan,2020,"35,29","76,47","13,62","9,12","99,28","95,51","75,79","22,4","15,23",208,"0,51","6,66","6,33","70,05",13281,"99,72","1,07",5894,"0,301"
Kota Mojokerto,2020,"20,21","78,95",14,"10,25","99,56","99,02","80,13","31,03","15,25","132,4","0,33","6,24","6,74","68,21",13499,100,"0,94",6553,"0,355"
Kota Madiun,2020,"33,92","81,93","14,4","11,14","98,91","98,1","97,11","35,39","15,88","195,2","0,48","4,98","8,32","68,63",16018,"99,83","1,29",5754,"0,392"
Kota Surabaya,2020,"350,54","82,76","14,8","10,49","99,9","99,33","67,33","48,93","18,61","2874,3","7,07","5,02","9,79","68,05",17755,"98,74","0,37",8200,"0,344"
Kota Batu,2020,"136,74","76,82","14,13","9,07","99,5","98,37","75,24","38,62","14,34",213,"0,52","3,89","5,93","72,33",12824,"99,02","1,1",1558,"0,333"
Pacitan,2021,"1389,92","69,45","12,65","7,61","99,51","97,21","76,94","14,8","9,23","589,1","1,44","15,11","2,04","80,57",8887,"76,71","0,68",424,"0,337"
Ponorogo,2021,"1305,7","71,81","13,74","7,55","99,64","98,84","80,74","25,01","11,86","955,8","2,34","10,26","4,38","72,63",9851,"96,3","0,92",732,"0,369"
Trenggalek,2021,"1147,22","70,4","12,47","7,56","99,09","96,97","77,96","15,1","12,22","734,9","1,8","12,14","3,53","72,36",9743,"75,78","0,69",641,"0,335"
Tulungagung,2021,"1055,65","73,29","13,32","8,34","99,41","98,51","79,99","26,51","12,15","1096,6","2,68","7,51","4,91","72,26",10807,"97,4","0,83",1039,"0,327"
Blitar,2021,"1336,48","71,48","12,63","7,5","99,4","99,53","70,46","20,69","14,23",1231,"3,01","9,65","3,66","70,44",10757,"93,33","0,79",921,"0,353"
Kediri,2021,"1386,05","73,31","13,44","8,08",99,"99,45","81,84","21,8","16,09","1644,4","4,02","11,64","5,15","69,34",11127,"96,35","0,74",1186,"0,33"
Malang,2021,"3530,65","71,48","13,24","7,43","99,87","97,49","65,48","34,64","17,00","2668,3","6,53","10,5","5,4","68,49",10163,"94,14","0,7",756,"0,367"
Lumajang,2021,"1790,9","67,65","11,88","6,67","98,96","98,15","55,42","12,98","14,21","1127,1","2,76","10,05","3,51","66,19",9203,"95,73","0,94",629,"0,309"
Jember,2021,"3092,34","69,2","13,43","6,49","99,55","97,37","69,83","27,22","15,49","2550,4","6,24","10,41","5,44","68,97",9410,"94,35","0,72",825,"0,336"
Banyuwangi,2021,"5782,4","72,62","13,1","7,42","99,65","98,46","79,37","18,19","14,67","1718,5","4,2","8,07","5,42","72,32",12217,"94,16","0,81",297,"0,373"
Bondowoso,2021,"1525,97","69,24","13,29","5,94","99,41","97,49","71,24","16,76","9,92","778,5","1,9","14,73","4,46","73,89",10690,"93,44","0,41",510,"0,334"
Situbondo,2021,"1669,87","69,34","13,16","6,62","98,85","97,38","65,56","16,19","10,16","688,3","1,68","12,63","3,68","71,63",9996,"98,88","0,46",412,"0,323"
Probolinggo,2021,"1696,21","68,94","12,36","6,12","99,37",94,"60,37","15,31","13,14","1155,9","2,83","18,91","4,55","73,24",10969,"93,18","0,39",681,"0,326"
Pasuruan,2021,"1474,02","70,54","12,58","7,41","99,44","97,19","64,68","21,2","15,21","1611,8","3,94","9,7","6,03","69,03",10297,"97,36","0,48",1093,"0,344"
Sidoarjo,2021,"634,38","81,01","14,94","10,72","99,59","99,13","87,45","41,61","17,88","2091,9","5,12","5,93","10,87","66,47",14578,"96,82","0,58",3298,"0,347"
Mojokerto,2021,"717,83","74,9","12,95","8,64","99,57","98,61","82,34","14,37","15,30","1125,5","2,75","10,62","5,54","70,47",12844,"98,37","0,75",1568,"0,294"
Jombang,2021,"1115,09","74,1","13,57","8,55","99,49","98,99","90,39","23,61","14,69","1325,9","3,24",10,"7,09","70,69",11394,"99,44","0,8",1189,"0,332"
Nganjuk,2021,"1224,25","73,03","12,87","7,78","99,62","99,36","83,19","17,48","13,43","1109,7","2,71","11,85","4,98","64,24",12172,"99,03","0,7",906,"0,308"
Madiun,2021,"1037,58","73,07","13,17","7,82","98,79","97,25","78,7","19,19","12,36","750,1","1,84","11,91","4,99","67,77",11658,"95,1","1,04",723,"0,359"
Magetan,2021,"688,84","75,08","14,04","8,36","99,35","99,22","88,36","28,77","12,27","674,1","1,65","10,66","3,86","73,31",11833,"99,9","0,66",979,"0,357"
Ngawi,2021,"1295,98","71,97","12,83","7,26","99,18","99,4","78,45","16,43","12,21","873,3","2,14","15,57","4,25","72,88",11459,"99,92","0,5",674,"0,309"
Bojonegoro,2021,"2198,79","70,7","12,68","7,38","99,71","98,46","80,22","16,1","12,47","1307,6","3,2","13,27","4,82","71,84",10221,"97,24","0,61",595,"0,34"
Tuban,2021,"1834,15","70,1","12,22","7,18","99,9","94,44","65,55","17,46","13,18","1203,1","2,94","16,31","4,68","73,77",10380,"96,4","0,57",656,"0,345"
Lamongan,2021,"1782,05","73,97","13,77","8,04","99,2","99,31","71,77","29,37","9,73",1356,"3,32","13,86","4,9","70,72",11510,"81,98","1,18",761,"0,292"
Gresik,2021,"1191,25","76,98","13,77","9,56","99,45","99,16","85,67","26,64","14,05","1320,6","3,23","12,42",8,"69,43",13280,"88,99","0,95",1109,"0,313"
Bangkalan,2021,"1001,44","65,42","11,73","5,96","99,3","92,6","51,28","18,7","14,07","1071,7","2,62","21,57","8,07","68,66",8673,"97,39","1,43",1070,"0,303"
Sampang,2021,"1233,08","64,86","12,38","4,86","98,6","93,42","57,29","17,71","11,54",976,"2,39","23,76","3,45","70,19",8790,"89,34","0,87",792,"0,268"
Pamekasan,2021,"792,24","68,78","13,65","6,7","98,52","98,73","75,91","22,04","9,61","853,5","2,09","15,3","3,1","65,88",8804,"89,15","0,54",1077,"0,323"
Sumenep,2021,"1998,54","67,74","13,33","5,92","98,88","96,38","75,96","20,87","7,86","1129,8","2,76","20,51","2,31","75,63",9000,"98,29","0,64",565,"0,294"
Kota Kediri,2021,"63,4","79,15","15,27","10,15","99,48","98,63","87,04","35,13","16,49",288,"0,7","7,75","6,37","67,35",12359,"98,95","0,54",4542,"0,374"
Kota Blitar,2021,"32,57","79,27","14,33","10,35","99,45","97,35","91,17",35,"15,85","150,4","0,37","7,89","6,61","69,96",13816,"97,08","1,09",4617,"0,37"
Kota Malang,2021,"145,28","82,77","15,75","10,41","99,17","96,61","84,3","61,41","15,86","844,9","2,07","4,62","9,65","67,59",16663,"99,93","0,18",5816,"0,407"
Kota Probolinggo,2021,"56,67","75,2","13,6","8,95","99,46","96,91","82,67","25,66","16,18","241,2","0,59","7,44","6,55","69,71",12245,"99,66","0,86",4256,"0,299"
Kota Pasuruan,2021,"35,29","76,83","13,63","9,33","99,27","95,3","75,59","23,28","15,45","209,5","0,51","6,88","6,23","71,66",13354,"99,65","0,98",5937,"0,35"
Kota Mojokerto,2021,"20,21","79,34","14,01","10,47","99,3","98,75","80,02","31,93","15,04","133,3","0,33","6,39","6,87","67,09",13610,"99,63","0,84",6594,"0,334"
Kota Madiun,2021,"33,92","82,27","14,41","11,37","98,08","98,29","96,82","36,79","15,44","196,9","0,48","5,09","8,15","66,87",16095,"99,53","1,19",5805,"0,345"
Kota Surabaya,2021,"350,54","82,94","14,81","10,5","99,78","98,97","69,97","48,41","18,29","2880,3","7,05","5,23","9,68","67,3",17862,"98,06","0,28",8217,"0,351"
Kota Batu,2021,"136,74","77,21","14,16","9,31","99,25","97,32","76,98","39,27","14,73","214,7","0,53","4,09","6,57","73,74",12887,100,"1,01",1570,"0,312"
Pacitan,2022,"1389,92","70,19","12,66","7,82","99,48",99,"78,45","12,24","9,01","592,92","1,44","13,8","2,04","82,99",9184,"83,95","0,66",414,"0,338"
Ponorogo,2022,"1305,7","72,59","13,76","7,77","99,7","98,59","78,18","20,19","11,63","964,25","2,34","9,32","5,51","72,92",10199,"91,5","0,9",680,"0,336"
Trenggalek,2022,"1147,22","71,28","12,5","7,89","92,34","96,12","84,99","13,99","11,82","739,67","1,8","10,96","5,37","72,01",10042,"81,23","0,67",592,"0,331"
Tulungagung,2022,"1055,65","74,14","13,33","8,65","99,79","98,36","78,21","21,63","11,94",1.105.34,"2,69","6,71","6,65","71,95",11162,"96,39","0,81",966,"0,342"
Blitar,2022,"1336,48","72,25","12,64","7,82","97,4","95,88","68,57","15,15","14,00",1.240.32,"3,01","8,71","5,45","72,79",11001,"96,37","0,77",711,"0,335"
Kediri,2022,"1386,05","74,2","13,61","8,23","98,57","98,18","85,24","18,62","15,29",1.656.02,"4,02","10,65","6,83","68,73",11565,"92,17","0,72",1087,"0,329"
Malang,2022,"3530,65","72,23","13,38","7,68","99,6","95,47","64,52","32,25","16,04",2.685.9,"6,53","9,55","6,57","70,38",10326,"96,02","0,68",773,"0,368"
Lumajang,2022,"1790,9","68,48","12,02","6,87","99,95","97,33",53,"15,25","13,86",1.137.23,"2,76","9,06","4,97","69,75",9466,"97,35","0,91",633,"0,349"
Jember,2022,"3092,34","69,8","13,44","6,5","99,01","94,84","74,08","23,3","14,58",2.567.72,"6,24","9,39","4,06","69,44",9840,"95,4","0,7",775,"0,301"
Banyuwangi,2022,"5782,4","73,15","13,11","7,66","98,61","99,16","76,81","15,61","13,93",1.731.73,"4,21","7,51","5,26",72,12320,"95,97","0,79",482,"0,329"
Bondowoso,2022,"1525,97","69,91","13,31","6,22","99,68","96,53","68,6","14,11","9,49","781,42","1,9","13,47","4,32","74,61",10851,"93,31","0,39",503,"0,365"
Situbondo,2022,"1669,87","69,76","13,18","6,63","97,67","93,93","61,12","11,65","10,04","691,26","1,68","11,78","3,38","72,15",10263,"99,22","0,44",418,"0,298"
Probolinggo,2022,"1696,21","69,56","12,58","6,13","99,91","98,07","63,56","17,53","12,28",1.159.97,"2,82","17,12","3,25","71,56",11254,"95,92","0,37",673,"0,275"
Pasuruan,2022,"1474,02","71,29","12,76","7,42","98,71","97,13","65,01","17,3","14,43",1.619.04,"3,93","8,96","5,91","70,19",10726,"96,9","0,46","1,084","0,325"
Sidoarjo,2022,"634,38","81,37","14,95","10,77","99,92","99,4","83,2","37,73","16,71",2.103.40,"5,11","5,36","8,8","72,87",14808,"95,86","0,56","2,905","0,373"
Mojokerto,2022,"717,83","75,61","12,96","8,97","98,57","99,78","86,76","13,74","14,76",1.133.58,"2,75","9,71","4,83","71,34",13051,"97,05","0,73","1,151","0,327"
Jombang,2022,"1115,09","74,66","13,58","8,76","98,91","98,76","88,17","18,45","14,21",1.335.97,"3,25","9,04","5,47","66,65",11579,"99,07","0,77","1,204","0,31"
Nganjuk,2022,"1224,25","73,95","13,07","8,12","99,96","97,76","84,17","14,28","13,13",1.117.03,"2,71","10,7","4,74","66,79",12349,"98,67","0,68",867,"0,301"
Madiun,2022,"1037,58","73,51","13,18","7,94","99,25","98,43","73,09","16,6","12,33","757,67","1,84","10,79","5,84","72,72",11848,"94,79","1,02","6,668","0,354"
Magetan,2022,"688,84","75,76","14,05","8,66","99,85","99,7","85,87","23,17","12,22","678,34","1,65","9,84","4,33","74,03",12031,"98,71","0,64",960,"0,352"
Ngawi,2022,"1295,98","72,62","12,84","7,59","99,57","98,73","76,37","12,45","11,67","877,43","2,13","14,15","2,48","78,6",11563,"99,16","0,48",629,"0,3"
Bojonegoro,2022,"2198,79","71,15","12,84","7,43","99,99","97,56","83,76","14,63","12,21",1.315.13,"3,2","12,21","4,69","72,16",10323,"96,51","0,59",569,"0,28"
Tuban,2022,"1834,15","70,79","12,24","7,37","99,46","96,58","64,64","13,93","12,69",1.209.54,"2,94","15,02","4,54","73,63",10703,"97,51","0,55",613,"0,345"
Lamongan,2022,"1782,05","74,83","14,01","8,33","99,99","98,95","73,67",23,"9,39",1.371.51,"3,33","12,53","6,05","69,3",11648,"78,56","1,16",783,"0,273"
Gresik,2022,"1191,25","77,62","13,96","9,75","99,7","98,51","83,16","26,57","13,10",1.332.66,"3,24","11,06","7,84","68,3",13384,"91,5","0,93","1,061","0,363"
Bangkalan,2022,"1001,44","66,11","11,91","5,97","99,99","99,19","49,15","15,46","13,90",1.086.62,"2,64","19,44","8,05","73,86",8971,"93,91","1,41",835,"0,306"
Sampang,2022,"1233,08","65,44","12,39","5,06","99,07","92,68","55,75","15,91","11,22","984,16","2,39","21,61","3,11","73,37",8944,"93,25","0,85",801,"0,28"
Pamekasan,2022,"792,24","69,35","13,67","6,88","99,41",98,"73,26","16,32","9,39","857,82","2,08","13,93","1,4","73,59",8967,"95,24","0,52","1,079","0,305"
Sumenep,2022,"1998,54","68,49","13,51","5,93","99,74","97,79","78,65","18,54","7,51",1.136.63,"2,76","18,76","1,36","75,12",9388,"94,6","0,62",545,"0,266"
Kota Kediri,2022,"63,4","80,12","15,44","10,45","99,87","98,74","87,08","28,66","15,73","289,42","0,7","7,23","4,38","69,93",12762,"99,77","0,52","4,305","0,371"
Kota Blitar,2022,"32,57","80,15","14,56","10,65","99,49","96,96","90,53","29,66","15,26","151,96","0,37","7,37","5,39","67,78",14058,"99,1","1,07","4,577","0,381"
Kota Malang,2022,"145,28","83,38","15,76","10,69","99,92","99,68","80,75","53,68","15,24","846,13","2,06","4,37","7,66","63,08",16897,"96,76","0,16","7,617","0,421"
Kota Probolinggo,2022,"56,67","76,08","13,67","9,29","99,88","99,28","81,94","22,01","15,64","243,2","0,59","6,65","4,57","68,39",12571,100,"0,84","4,448","0,322"
Kota Pasuruan,2022,"35,29","77,71","13,64","9,67","99,92","98,78","78,7","22,92","14,95","211,5","0,51","6,37","6,18","68,05",13803,100,"0,96","5,424","0,36"
Kota Mojokerto,2022,"20,21","80,19","14,02","10,8","99,67","98,89","81,96","27,66","14,34","134,35","0,33","5,98","5,05","69,41",14054,"98,65","0,82","6,645","0,381"
Kota Madiun,2022,"33,92","83,02","14,43","11,67","99,79","98,43","72,92","33,41","14,14","199,19","0,48","4,76","6,39","66,85",16503,"98,54","1,17","5,514","0,398"
Kota Surabaya,2022,"350,54","83,32","14,83","10,51","97,88","97,77",63,"41,09","17,85",2.887.22,"7,02","4,72","7,62","69,99",18345,"95,66","0,26","8,595","0,388"
Kota Batu,2022,"136,74","78,13","14,4","9,63","99,94","99,25","80,28","41,37","14,71","216,74","0,53","3,79","8,43","71,51",13094,"99,12","0,99","1,116","0,308"
Pacitan,2023,"1389,92","70,94","12,68","7,88","99,98","97,27","79,06","12,14","9,18",588,"1,42","13,65","1,83","81,64",9681,"80,19","0,12",410,"0,352"
Ponorogo,2023,"1305,7","73,18","13,77","7,78","99,28","98,2","79,36","19,04","11,70","959,5","2,31","9,53","4,66","75,88",10658,"94,42","0,39",676,"0,341"
Trenggalek,2023,"1147,22","71,96","12,62","7,9","99,43","96,91","83,34","13,68","12,09","741,2","1,78","10,63","4,52","80,72",10465,"84,87","0,5",593,"0,336"
Tulungagung,2023,"1055,65","74,65","13,34","8,66","99,59","98,66","78,12","23,66","11,97","1107,8","2,67","6,53","5,65","74,7",11565,"97,9","0,6",968,"0,328"
Blitar,2023,"1336,48","72,84","12,65","7,83","98,12","96,5","69,63","16,04","13,88","1253,6","3,02","8,69","4,91","73,5",11499,"96,41","0,88",718,"0,36"
Kediri,2023,"1386,05","74,68","13,62","8,24","98,42","99,23","84,4","18,4","15,10","1677,2","4,04","10,72","5,79","68,74",11952,92,"0,92",1101,"0,306"
Malang,2023,"3530,65",73,"13,48","7,75","99,71","95,27","65,84","29,7","15,85","2715,6","6,54","9,45","5,7","70,66",10791,"98,18","0,83",782,"0,378"
Lumajang,2023,"1790,9","69,37","12,16","7,14","99,65","98,63","59,1","16,44","13,63","1139,1","2,74","8,93","3,67","68,49",9720,"95,49","0,64",634,"0,391"
Jember,2023,"3092,34","70,42","13,49","6,52","99,61","95,11","73,93","24,31","14,33","2586,8","6,23","9,51","4,01","72,3",10277,"97,51","0,71",781,"0,344"
Banyuwangi,2023,"5782,4","73,79","13,12","7,76","98,45","99,2","74,45","16,16","13,84","1743,9","4,2","7,34","4,75","79,04",12820,"97,44","0,76",485,"0,351"
Bondowoso,2023,"1525,97","70,56","13,32","6,36","99,51","98,67","68,71","15,12","9,29","788,2","1,9","13,34","4,15","74,39",11255,"94,43","0,56",507,"0,35"
Situbondo,2023,"1669,87","70,65","13,19","6,9","99,16","95,05","63,52","12,49","10,14",697,"1,68","11,9","3,27","75,28",10702,"97,45","0,58",421,"0,326"
Probolinggo,2023,"1696,21","70,36","12,63","6,29","99,67","96,91","63,59","17,76","12,04","1176,9","2,83","17,19","3,24","69,48",11756,"97,75","0,77",682,"0,319"
Pasuruan,2023,"1474,02","71,91","12,77","7,44","98,71","97,13","62,77","16,98","14,37","1644,5","3,96","9,24","5,48","71,21",11239,"97,63","0,86",1101,"0,367"
Sidoarjo,2023,"634,38","81,88","14,97","10,78","99,83","99,25","82,88","37,67","16,34","2148,7","5,17",5,"8,05","69,62",15311,"97,19","1,14",2968,"0,359"
Mojokerto,2023,"717,83","76,23","12,97","9,11","99,82","99,33","81,91","15,17","14,78","1145,5","2,76","9,8","4,67","72,51",13467,"98,9","0,85",1163,"0,338"
Jombang,2023,"1115,09","75,16","13,59","8,77","99,71","98,67","85,43","20,56","14,16","1351,3","3,25","9,15","4,66","71,91",11999,"98,01","0,91",1218,"0,339"
Nganjuk,2023,"1224,25","74,7","13,17","8,24","99,75","97,9","85,2","19,66","13,37","1124,7","2,71","10,89","4,68","66,89",12821,"98,86","0,68",872,"0,324"
Madiun,2023,"1037,58","74,02","13,23","7,95","98,86","98,5","85,03","20,94","12,51","754,5","1,82","11,04","5,14","72,49",12259,"96,39","0,49",678,"0,342"
Magetan,2023,"688,84","76,3","14,07","8,67","99,71","99,22","85,78","23,17","12,40","681,7","1,64","9,8","4,16","78,48",12495,"99,61","0,59",965,"0,373"
Ngawi,2023,"1295,98","73,28","12,85","7,78","99,7","99,11","78,42","13,32","11,64","880,7","2,12","14,4","2,41","69,43",11897,"97,51","0,44",631,"0,328"
Bojonegoro,2023,"2198,79","71,8","12,92","7,45","99,56","99,37","82,68","17,9","12,13","1319,6","3,18","12,18","4,63","74,29",10776,"97,59","0,5",571,"0,283"
Tuban,2023,"1834,15","71,4","12,27","7,4","99,51","98,25","64,13","14,34","12,69","1218,6","2,93","14,91","4,4","74,73",11174,"95,22","0,62",617,"0,338"
Lamongan,2023,"1782,05","75,29","14,02","8,34","99,67","99,53","74,25","25,75","9,24","1369,5","3,3","12,42","5,46","75,08",12019,"79,26","0,68",781,"0,295"
Gresik,2023,"1191,25","78,44","13,97","10,01","99,47","98,32","82,29","28,14","12,67","1350,4","3,25","10,96","6,82","70,12",13870,"92,54","1,08",1075,"0,33"
Bangkalan,2023,"1001,44","66,82","11,97","5,99","99,75","95,68","53,34","15,91","13,88","1091,8","2,63","19,35","6,18","71,49",9438,"96,3","1,07",839,"0,299"
Sampang,2023,"1233,08","66,19","12,54","5,07","99,01","92,49","64,14","15,64","10,94","1004,5","2,42","21,76","2,72","73,54",9363,"94,29","1,29",818,"0,254"
Pamekasan,2023,"792,24","70,32","13,68","7,15","98,82","97,08","75,13","17,48","9,28","875,8","2,11","13,85","1,74","77,14",9420,"97,91","1,09",1101,"0,348"
Sumenep,2023,"1998,54","69,13","13,58","5,94","99,4","97,43","79,81","17,49","7,32","1146,6","2,76","18,7","1,71","78,86",9807,"98,1","0,71",550,"0,287"
Kota Kediri,2023,"63,4","80,97","15,45","10,69","99,54","98,3","87,18","33,48","15,73","295,2","0,71","7,15","4,06","71,83",13276,"99,6","2,94",4391,"0,4"
Kota Blitar,2023,"32,57","80,78","14,57","10,78","99,01","97,2","91,7","30,56","15,45","153,4","0,37","7,3","5,24","72,26",14548,"98,79","2,86",4619,"0,397"
Kota Malang,2023,"145,28",84,"15,77","10,94","99,5","98,54","80,9","50,38","15,33","865,3","2,08","4,26","6,8","67,58",17222,"99,06","2,55",7790,"0,413"
Kota Probolinggo,2023,"56,67","76,93","13,73","9,56","99,68","99,12","82,9","22,55","15,79",247,"0,59","6,48","4,53","70,61",12999,100,"3,08",4517,"0,347"
Kota Pasuruan,2023,"35,29","78,3","13,66","9,78","99,7","99,01","78,91","22,78","15,06","216,4","0,52","6,6","5,64","75,65",14250,"99,38","4,04",5549,"0,378"
Kota Mojokerto,2023,"20,21","80,9","14,04","11,05","99,5","98,73","82,23","24,82","14,10","136,1","0,33","5,77","4,73","72,5",14422,"99,95","2,8",6732,"0,353"
Kota Madiun,2023,"33,92","83,71","14,44","11,82","99,42","98,44","74,77","33,44","14,21",200,"0,48","4,74","5,85","69,29",17115,"99,1","2,45",5536,"0,416"
Kota Surabaya,2023,"350,54","83,99","14,85","10,7","97,88","98,54","65,29","40,33","17,68","2911,4","7,01","4,65","6,76","68,73",18977,"98,15","1,29",8667,"0,423"
Kota Batu,2023,"136,74","79,07","14,56","9,85","99,23","98,5","79,99",38,"14,70","220,2","0,53","3,31","4,52","78,99",13603,"99,16","3,38",1134,"0,33"
Pacitan,2024,"1389,92","70,94","12,69","7,88","99,55","96,64","84,81","10,75","9,22","588,6","1,41","13,08","1,83","81,64",9681,"80,19","0,11",411,"0,327"
Ponorogo,2024,"1305,7","73,18","13,78","7,78","98,47","99,33","83,84","20,8","11,94","962,9","2,3","9,11","4,66","75,88",10658,"94,42","0,38",679,"0,326"
Trenggalek,2024,"1147,22","71,96","12,63","7,9","99,38","98,85","81,14","13,52","12,07","744,5","1,78","10,5","4,52","80,72",10465,"84,87","0,49",596,"0,35"
Tulungagung,2024,"1055,65","74,65","13,36","8,66","99,6","99,91","82,04","22,07","11,93","1113,9","2,66","6,28","5,65","74,7",11565,"97,9","0,58",973,"0,321"
Blitar,2024,"1336,48","72,84","12,67","7,83","99,53","97,53","73,67","14,92","12,63","1263,7","3,02","8,16","4,91","73,5",11499,"96,41","0,86",724,"0,353"
Kediri,2024,"1386,05","74,68","13,63","8,24","99,99","97,63","81,87","18,16","14,89","1689,9","4,04","9,95","5,79","68,74",11952,92,"0,88",1109,"0,3"
Malang,2024,"3530,65",73,"13,49","7,75","99,61","96,92","71,45","28,29","15,89",2736,"6,54","8,98","5,7","70,66",10791,"98,18","0,81",788,"0,343"
Lumajang,2024,"1790,9","69,37","12,41","7,14","97,87","98,86","64,7","16,35","13,93","1145,9","2,74","8,65","3,67","68,49",9720,"95,49","0,63",638,"0,363"
Jember,2024,"3092,34","70,42","13,5","6,52","98,83","95,49","74,35","26,11","14,73","2603,8","6,23","9,01","4,01","72,3",10277,"97,51","0,7",786,"0,321"
Banyuwangi,2024,"5782,4","73,79","13,14","7,76","99,61","99,32","79,98","16,52","14,06","1754,4","4,2","6,54","4,75","79,04",12820,"97,44","0,72",488,"0,312"
Bondowoso,2024,"1525,97","70,56","13,33","6,36","97,86","94,97","69,97","14,53","9,37","792,3","1,89","12,6","4,15","74,39",11255,"94,43","0,55",510,"0,333"
Situbondo,2024,"1669,87","70,65","13,2","6,9","99,28","98,93","69,59","11,28","10,63","700,7","1,68","11,51","3,27","75,28",10702,"97,45","0,57",424,"0,385"
Probolinggo,2024,"1696,21","70,36","12,64","6,29","99,56","90,74","57,03","18,43","12,03","1185,2","2,83","16,45","3,24","69,48",11756,"97,75","0,75",687,"0,339"
Pasuruan,2024,"1474,02","71,91","12,78","7,44","98,99","93,82","68,54","16,24","14,50","1657,2","3,96","8,63","5,48","71,21",11239,"97,63","0,84",1110,"0,331"
Sidoarjo,2024,"634,38","81,88","15,22","10,78","99,82","99,93","88,33","38,09","16,44","2171,5","5,19","4,53","8,05","69,62",15311,"97,19","1,12",2999,"0,327"
Mojokerto,2024,"717,83","76,23","12,99","9,11","99,52","99,97","85,84","15,01","14,77","1154,3","2,76","9,37","4,67","72,51",13467,"98,9","0,83",1172,"0,337"
Jombang,2024,"1115,09","75,16","13,61","8,77","99,74","98,37","84,42","21,3","14,30","1362,7","3,26","8,6","4,66","71,91",11999,"98,01","0,89",1228,"0,302"
Nganjuk,2024,"1224,25","74,7","13,18","8,24","99,24","95,31","91,1","20,43","13,24","1131,8","2,71","10,17","4,68","66,89",12821,"98,86","0,67",878,"0,289"
Madiun,2024,"1037,58","74,02","13,27","7,95","98,05","99,95","89,36","20,14","12,52","757,8","1,81","10,63","5,14","72,49",12259,"96,39","0,48",681,"0,309"
Magetan,2024,"688,84","76,3","14,08","8,67","98,62","99,97","82,92","20,61","11,72","685,5","1,64","9,32","4,16","78,48",12495,"99,61","0,58",970,"0,371"
Ngawi,2024,"1295,98","73,28","12,89","7,78","99,85","98,71","82,25","11,75","11,55","884,1","2,11","13,81","2,41","69,43",11897,"97,51","0,43",633,"0,289"
Bojonegoro,2024,"2198,79","71,8","13,18","7,45","99,77","98,19","85,5","21,13","11,67","1325,3","3,17","11,69","4,63","74,29",10776,"97,59","0,48",573,"0,31"
Tuban,2024,"1834,15","71,4","12,54","7,4","99,65","96,98","70,05","11,97","12,98","1225,2","2,93","14,36","4,4","74,73",11174,"95,22","0,6",621,"0,335"
Lamongan,2024,"1782,05","75,29","14,03","8,34","99,99","99,99","79,09","24,04","9,11","1378,2","3,3","12,16","5,46","75,08",12019,"79,26","0,67",786,"0,281"
Gresik,2024,"1191,25","78,44","13,98","10,01","99,33","99,19","81,95","27,68","12,73",1364,"3,26","10,32","6,82","70,12",13870,"92,54","1,06",1086,"0,322"
Bangkalan,2024,"1001,44","66,82","11,98","5,99","99,94","97,24","53,3","14,21","14,39","1102,5","2,64","18,66","6,18","71,49",9438,"96,3","1,04",847,"0,301"
Sampang,2024,"1233,08","66,19","12,55","5,07","99,97","94,39","62,62","13,73","11,18","1016,3","2,43","20,83","2,72","73,54",9363,"94,29","1,26",827,"0,233"
Pamekasan,2024,"792,24","70,32","13,69","7,15","99,31","97,8","65,92","19,29","9,46","884,7","2,12","13,41","1,74","77,14",9420,"97,91","1,07",1113,"0,301"
Sumenep,2024,"1998,54","69,13","13,59","5,94","98,4","95,23","68,48","18,5","7,46","1153,2","2,76","17,78","1,71","78,86",9807,"98,1","0,68",553,"0,308"
Kota Kediri,2024,"63,4","80,97","15,71","10,69","98,95","99,92","92,87","30,44","15,28","298,2","0,71","6,51","4,06","71,83",13276,"99,6","1,05",4436,"0,337"
Kota Blitar,2024,"32,57","80,78","14,81","10,78","99,96","99,94","94,58","30,33","15,30","154,9","0,37","6,75","5,24","72,26",14548,"98,79","1,02",4664,"0,353"
Kota Malang,2024,"145,28",84,"15,79","10,94","99,05","99,99","86,66","50,33","15,60","872,7","2,09","3,91","6,8","67,58",17222,"99,06","0,9",7857,"0,422"
Kota Probolinggo,2024,"56,67","76,93","13,98","9,56","99,28","96,27","88,82","25,61","15,75","249,5","0,6","6,18","4,53","70,61",12999,100,"1,09",4564,"0,344"
Kota Pasuruan,2024,"35,29","78,3","13,67","9,78","99,94","94,19","83,91","19,99","14,85","219,4","0,52","6,32","5,64","75,65",14250,"99,38","1,43",5626,"0,334"
Kota Mojokerto,2024,"20,21","80,9","14,13","11,05","98,97","99,6","87,84","29,55","14,34","137,4","0,33","5,57","4,73","72,5",14422,"99,95","0,99",6796,"0,357"
Kota Madiun,2024,"33,92","83,71","14,54","11,82","99,65","99,9","79,96","31,18","14,64","201,8","0,48","4,38","5,85","69,29",17115,"99,1","0,89",5585,"0,435"
Kota Surabaya,2024,"350,54","83,99","14,87","10,7","98,81","99,95","70,99","42,46","17,19",2922,"6,99","3,96","6,76","68,73",18977,"98,15","0,44",8698,"0,381"
Kota Batu,2024,"136,74","79,07","14,58","9,85","99,92","99,96","84,67","36,33","15,04","222,7","0,53","3,06","4,52","78,99",13603,"99,16","1,19",1147,"0,327"